,Slope,Intercept
0,-0.045423914769446766,2171.7504096260764
