,Slope,Intercept
0,0.05503282756468919,543.1690296861278
