Slope,Intercept
0.9977202038135694,-0.25743353347599957
