,Slope,Intercept
0,0.055032859022881554,543.1689577998018
