,Mean error (cm-1),Standard deviation of error (cm-1),Maximum difference (cm-1),Minimum difference (cm-1)
0,3.173522600263823e-08,1.261373185872081,1.2194379122483952,-1.4604440097405131
