,Mean error (cm-1),Standard deviation of error (cm-1),Maximum difference (cm-1),Minimum difference (cm-1)
0,1.6663761925883592e-09,1.2833143651984569,1.6778508709448943,-1.8868641518001823
