,Mean error (cm-1),Standard deviation of error (cm-1),Maximum difference (cm-1),Minimum difference (cm-1)
0,-2.9317334337974898e-09,163.3787997993525,213.90566944192733,-206.46250979549131
