,Mean error (nm),Standard deviation of error (nm),Maximum difference (nm),Minimum difference (nm)
0,-7.579122514774402e-15,0.017012858004978752,0.03890469898658466,-0.014894834083634123
