,Mean error (nm),Standard deviation of error (nm),Maximum difference (nm),Minimum difference (nm)
0,1.6663761925883592e-09,1.2833143651984569,1.6778508709448943,-1.8868641518001823
