,Mean error (nm),Standard deviation of error (nm),Maximum difference (nm),Minimum difference (nm)
0,-4.5474735088646414e-14,0.01784946067272332,0.0387372245950246,-0.01902568371747293
