,Mean error (cm-1),Standard deviation of error (cm-1),Maximum difference (cm-1),Minimum difference (cm-1)
0,-1.877469912869856e-09,1.2461337566506172,1.1896069320864626,-1.4134901031998197
