,Mean error (nm),Standard deviation of error (nm),Maximum difference (nm),Minimum difference (nm)
0,3.173522600263823e-08,1.261373185872081,1.2194379122483952,-1.4604440097405131
