,Mean error (nm),Standard deviation of error (nm),Maximum difference (nm),Minimum difference (nm)
0,-1.5158245029548804e-14,0.017912262854686608,0.038812802606912555,-0.019322827153359867
