Mean error (nm),Standard deviation of error (nm),Maximum difference (nm),Minimum difference (nm)
-1.5158245029548804e-14,0.017074784370371333,0.03881958102306271,-0.01474867362594523
