,Mean error (nm),Standard deviation of error (nm),Maximum difference (nm),Minimum difference (nm)
0,-8.92873686098028e-10,1.3240200595942666,1.7532277429677379,-1.8077489100423918
