,Mean error (cm-1),Standard deviation of error (cm-1),Maximum difference (cm-1),Minimum difference (cm-1)
0,2.489650796633214e-09,1.2349119187016944,1.411902694719629,-1.5603935311746682
