,Mean error (cm-1),Standard deviation of error (cm-1),Maximum difference (cm-1),Minimum difference (cm-1)
0,-8.92873686098028e-10,1.3240200595942666,1.7532277429677379,-1.8077489100423918
