Mean error (nm),Standard deviation of error (nm),Maximum difference (nm),Minimum difference (nm)
1.7204608108537892e-12,3.662085452974181,10.335803392772164,-5.029177355897559
