,Mean error (cm-1),Standard deviation of error (cm-1),Maximum difference (cm-1),Minimum difference (cm-1)
0,-4.297362465877086e-12,2.308022598813256,3.219514164255088,-2.6691043108594386
