Mean error (nm),Standard deviation of error (nm),Maximum difference (nm),Minimum difference (nm)
-1.5158245029548804e-14,0.02206712332341188,0.043797043310974004,-0.024656849232087552
