,Slope,Intercept
0,0.9987120874679447,2.275366935051636
