Slope,Intercept
0.05499577456858836,543.3374318193712
