Slope,Intercept
0.05499588620825976,543.3371671297591
