Slope,Intercept
2.031409735044814,-3027.0270210345575
