,Slope,Intercept
0,0.05496383429416174,543.3405527600188
