,Slope,Intercept
0,0.05496283440389998,543.3412049620882
