,Slope,Intercept
0,1.0004177017169467,3.90661731855051
