Slope,Intercept
0.9988694607330282,0.7160402319356636
