,Slope,Intercept
0,0.05496146593622039,543.3244458802427
