,Slope,Intercept
0,0.05503788534471966,543.3172315799269
