Slope,Intercept
0.9984345969602133,-0.03564674330537591
