Slope,Intercept
0.8573456535787175,217.3652260825152
