Slope,Intercept
0.9984535228203908,-0.07230787596443328
