,Slope,Intercept
0,0.05503812150755764,543.316895090191
