,Slope,Intercept
0,0.9988540628712987,1.1026562178142243
