Slope,Intercept
0.054961665869569895,543.3242081118856
