,Mean error (cm-1),Standard deviation of error (cm-1),Maximum difference (cm-1),Minimum difference (cm-1)
0,-2.8535396268125623e-11,1.6401661432666546,1.9813391552934263,-1.7187376885494814
