,Mean error (cm-1),Standard deviation of error (cm-1),Maximum difference (cm-1),Minimum difference (cm-1)
0,8.078586688498035e-11,1.4251077628041757,1.5710590586268154,-1.4792985593785488
