,Mean error (nm),Standard deviation of error (nm),Maximum difference (nm),Minimum difference (nm)
0,3.031649005909761e-14,0.019636049476221613,0.03988184915533566,-0.020754514547888903
