,Mean error (nm),Standard deviation of error (nm),Maximum difference (nm),Minimum difference (nm)
0,-4.5474735088646414e-14,0.021721805876985488,0.03752443180928822,-0.023927900939156643
