,Mean error (nm),Standard deviation of error (nm),Maximum difference (nm),Minimum difference (nm)
0,-2.8535396268125623e-11,1.6401661432666546,1.9813391552934263,-1.7187376885494814
