,Mean error (cm-1),Standard deviation of error (cm-1),Maximum difference (cm-1),Minimum difference (cm-1)
0,1.1368683772161603e-13,1.2871242032500976,1.4822688805193138,-1.514152059130538
