,Slope,Intercept
0,1.0091943973646111,-99.11706994942138
