Slope,Intercept
0.05490373407564576,545.6871717927984
