Slope,Intercept
1.0078064501971598,-83.28049213155272
