Slope,Intercept
0.05490479759400672,545.6813966730497
