,Slope,Intercept
0,1.007659098344567,-82.89168300429667
