,Mean error (nm),Standard deviation of error (nm),Maximum difference (nm),Minimum difference (nm)
0,-5.3053857603420815e-14,0.01975802085457076,0.041519423470276706,-0.02130755100870374
