,Mean error (nm),Standard deviation of error (nm),Maximum difference (nm),Minimum difference (nm)
0,-2.615929588500876e-08,1.3573318700643529,1.723321417716761,-2.002861726269657
