,Mean error (cm-1),Standard deviation of error (cm-1),Maximum difference (cm-1),Minimum difference (cm-1)
0,4.547473508864641e-13,441.10302233191953,505.9010319366894,-703.9929284241985
