,Mean error (nm),Standard deviation of error (nm),Maximum difference (nm),Minimum difference (nm)
0,-7.579122514774402e-15,0.01974403843992817,0.04148446180386145,-0.02134368514646212
