,Mean error (cm-1),Standard deviation of error (cm-1),Maximum difference (cm-1),Minimum difference (cm-1)
0,-2.615929588500876e-08,1.3573318700643529,1.723321417716761,-2.002861726269657
