,Mean error (nm),Standard deviation of error (nm),Maximum difference (nm),Minimum difference (nm)
0,-5.972196959191933e-09,1.4078210032678904,1.7548562792935627,-1.9187117630935973
