,Mean error (cm-1),Standard deviation of error (cm-1),Maximum difference (cm-1),Minimum difference (cm-1)
0,-5.972196959191933e-09,1.4078210032678904,1.7548562792935627,-1.9187117630935973
