Mean error (nm),Standard deviation of error (nm),Maximum difference (nm),Minimum difference (nm)
-3.789561257387201e-14,0.020089465427480246,0.0378031402005945,-0.023584618382528788
