,Mean error (cm-1),Standard deviation of error (cm-1),Maximum difference (cm-1),Minimum difference (cm-1)
0,-2.6045199774671344e-09,1.5591325513574166,1.9588442788722205,-2.1321789289452227
