Mean error (nm),Standard deviation of error (nm),Maximum difference (nm),Minimum difference (nm)
-2.2737367544323207e-14,0.02007193363348907,0.037812818620068356,-0.023589961468928777
