,Slope,Intercept
0,0.9995286144848343,-0.8471269778375711
