,Slope,Intercept
0,0.9210422641551226,250.2965818583239
