,Center (cm-1),Intensity (AU),FWHM (cm-1),Error (cm-1),SNR
0,918.4680735121852,0.10075371612897188,20.848112132435286,0.4680735121852422,30.137654103112705
1,1375.3655865685148,0.06858534477650435,31.221124283575026,-0.6344134314851999,20.82535846796201
2,2249.2208610819102,0.4266288531057383,18.43734780500186,0.22086108191024323,124.4739691879639
3,2940.1922510899576,0.7115990241916792,20.047157455714117,-1.8077489100423918,206.9688661560131
4,3000.7532277429677,0.12994614781182823,46.11619251926947,1.7532277429677379,38.588456637100656
