Slope,Intercept
0.054946717888029385,543.8026457996183
