Slope,Intercept
0.058934110654467874,536.5857248458486
