,Slope,Intercept
0,0.9995806341420145,-1.23965238336213
