,Mean error (nm),Standard deviation of error (nm),Maximum difference (nm),Minimum difference (nm)
0,1.879675437521655e-09,1.7554705518656504,2.270398063558787,-2.557077709430814
