,Mean error (nm),Standard deviation of error (nm),Maximum difference (nm),Minimum difference (nm)
0,-4.5474735088646414e-14,0.022130825604475053,0.04955380884530314,-0.023073329403928255
