,Mean error (cm-1),Standard deviation of error (cm-1),Maximum difference (cm-1),Minimum difference (cm-1)
0,1.879675437521655e-09,1.7554705518656504,2.270398063558787,-2.557077709430814
