Mean error (nm),Standard deviation of error (nm),Maximum difference (nm),Minimum difference (nm)
-4.5474735088646414e-14,0.02213082560447505,0.04955380884530314,-0.023073329403928255
