,Mean error (cm-1),Standard deviation of error (cm-1),Maximum difference (cm-1),Minimum difference (cm-1)
0,9.094947017729283e-14,927.4228463842276,1212.1043729584999,-903.9050929424109
