Mean error (nm),Standard deviation of error (nm),Maximum difference (nm),Minimum difference (nm)
7.579122514774402e-15,0.022149676581548042,0.049652168635020644,-0.023147764886857658
