Slope,Intercept
0.05496580983407535,543.3747976405027
