,Slope,Intercept
0,0.9987705240949877,0.20383351210477674
