,Slope,Intercept
0,0.9998312524002606,3.7227459469515476
