Slope,Intercept
0.0549658475310988,543.3748498771706
