,Mean error (cm-1),Standard deviation of error (cm-1),Maximum difference (cm-1),Minimum difference (cm-1)
0,-8.865345080266706e-09,1.3921669702756851,1.809739668021848,-1.9563482855528491
