,Mean error (cm-1),Standard deviation of error (cm-1),Maximum difference (cm-1),Minimum difference (cm-1)
0,-3.4185404729214496e-09,1.8731126871707575,2.373364759135711,-1.964988658260836
