,Mean error (nm),Standard deviation of error (nm),Maximum difference (nm),Minimum difference (nm)
0,8.337034766251842e-14,0.015814030745036976,0.03282786857187148,-0.01810779870902479
