,Mean error (nm),Standard deviation of error (nm),Maximum difference (nm),Minimum difference (nm)
0,-8.865345080266706e-09,1.3921669702756851,1.809739668021848,-1.9563482855528491
