,Mean error (nm),Standard deviation of error (nm),Maximum difference (nm),Minimum difference (nm)
0,3.031649005909761e-14,0.015839720847899145,0.031923221278930214,-0.018635902146343142
